Iteration, Energy, ΔEnergy
1, -0.3125, -0.3125
2, -0.2880859375, 0.0244140625
3, -0.30182719230651855, -0.013741254806518555
